Name,Specialization,Experience,Area,Fee,City,Recommendation(%),No_of_reviews
Dr. Sumanth Shetty,Dentist,25,Koramangala,300,Bangalore,97,2705
Dr. Minty Sharma,Dentist,18,HSR Layout,350,Bangalore,98,256
Dr. Shilpa I.G,Dentist,17,Singasandra,300,Bangalore,98,199
Dr. Rashmi Shetty,Dentist,19,Koramangala,350,Bangalore,99,2767
Dr. Priya Bansal,Dentist,18,Koramangala,500,Bangalore,99,200
Dr. Jnanesha H.C,Dentist,22,Jayanagar 4 Block,300,Bangalore,98,326
Dr. Sainath N.K.,Dentist,23,Sarjapur Road,500,Bangalore,100,172
Dr. M J Murali,Dentist,27,Indiranagar,300,Bangalore,95,152
Dr. Vivekananda Reddy,Dentist,23,Hoodi,500,Bangalore,98,274
Dr. Sindhu S Kumar,Dentist,15,Jayanagar 4 Block,300,Bangalore,99,165
Dr. Sindhu S Kumar,Dentist,15,Jayanagar 4 Block,300,Bangalore,99,165
Dr. A. Praveen Kumar Reddy,Dentist,17,Whitefield,500,Bangalore,98,32
Dr. M J Murali,Dentist,27,Indiranagar,300,Bangalore,95,152
Dr. Prabhu Dev P,Dentist,23,Sarjapur Road,500,Bangalore,97,87
Dr. T. Ramakrishna,Dentist,26,JP Nagar 7 Phase,500,Bangalore,95,388
Dr. Shyam Padmanabhan,Dentist,28,New Thippasandra,500,Bangalore,98,252
Dr. Shilpa I.G,Dentist,17,Singasandra,300,Bangalore,98,199
Dr. Aditi Garg,Dentist,17,HSR Layout,500,Bangalore,100,45
Dr. Parul Shrivastav,Dentist,18,Electronics City,700,Bangalore,86,6
Dr. D N Naveen,Dentist,30,New Thippasandra,500,Bangalore,97,50
Dr. S Sreedhar Reddy,Dentist,25,West Marredpally,400,Hyderabad,99,108
Dr. Chandrashekhar Reddy,Dentist,25,Chanda Nagar,400,Hyderabad,95,11
Dr. Adusumilli Gopinath,Dentist,25,Gachibowli,500,Hyderabad,97,376
Dr. K Sravani Reddy,Dentist,13,Karkhana,300,Hyderabad,98,75
Dr. N Srinivas,Dentist,22,LB Nagar,200,Hyderabad,98,1210
Dr. Surendra Kumar Alluri,Dentist,29,Kokapet,500,Hyderabad,99,408
Dr. Bharat Reddy,Dentist,26,Borabanda,250,Hyderabad,98,488
Dr. M. S. Sushma Susik,Dentist,33,Mehdipatnam,500,Hyderabad,98,436
Dr. Ajay Krishna,Dentist,22,Gachibowli,500,Hyderabad,95,115
Dr. Siva Srinivas,Dentist,20,Malkajgiri,300,Hyderabad,94,43
Dr. Preeti Maurya,Dentist,13,Nallagandla,400,Hyderabad,99,48
Dr. Saritha Kolanu,Dentist,23,Banjara Hills,300,Hyderabad,100,76
Dr. Usha Kiran,Dentist,26,Vidyanagar,300,Hyderabad,99,323
Dr. Anitha Ethamukkala,Dentist,23,Banjara Hills,500,Hyderabad,100,31
Dr. Kishore. M.S.V,Dentist,23,Madinaguda,500,Hyderabad,100,58
Dr. Sudha Chitumalla,Dentist,25,Banjara Hills,400,Hyderabad,98,33
Dr. Udayagiri Gopi,Dentist,19,KPHB,300,Hyderabad,98,52
Dr. Sahaja Reddy,Dentist,13,Mansoorabad,350,Hyderabad,99,111
Dr. Mohan Rayapudi,Dentist,14,Kukatpally,300,Hyderabad,100,55
Dr. Sana Fatima,Dentist,8,Tolichowki,300,Hyderabad,100,2
Dr. Deepak Raj,Dentist,15,Kolathur,200,Chennai,99,120
Dr. T. Sivasankari,Dentist,21,Mogappair,300,Chennai,88,27
Dr. Balaji K,Dentist,28,Anna Nagar,600,Chennai,100,66
Dr. N. Nanda Kumar,Dentist,29,KK Nagar,300,Chennai,92,61
Dr. Kamakshi V,Dentist,16,Perungudi,200,Chennai,100,123
Dr. Subashini,Dentist,19,Valasaravakkam,200,Chennai,100,92
Dr. Subramoniam S,Dentist,21,Porur,300,Chennai,99,246
Dr. M.Srikanth,Dentist,23,Chromepet,400,Chennai,98,617
Dr. M. Suresh,Dentist,12,Perumbakkam,100,Chennai,99,357
Dr. Monika Kandhi,Dentist,12,Purasawakkam,150,Chennai,97,45
Dr. K Ramesh Kumar,Dentist,16,Royapuram,200,Chennai,100,146
Dr. Prem Kumar,Dentist,17,Madipakkam,250,Chennai,97,48
Dr. Radha,Dentist,10,Avadi,350,Chennai,100,146
Dr. Balajee. J,Dentist,12,Anna Nagar West,300,Chennai,100,19
Dr. Mareeswari,Dentist,16,Pallikaranai,300,Chennai,99,166
Dr. J S Narrenthran,Dentist,15,Avadi,200,Chennai,100,17
Dr. V. Ashok,Dentist,25,Avadi,200,Chennai,100,3
Dr. K Vimala Geetha,Dentist,21,Adyar,600,Chennai,95,31
Dr. M. Phani Babu,Dentist,19,Adyar,600,Chennai,95,67
Dr. Deepak Balaji,Dentist,26,Ashok Nagar,400,Chennai,98,54
Dr. Reshma Phulwar,Dentist,28,Chembur,800,Mumbai,96,381
Dr. Parag M. Khatri,Dentist,31,Andheri East,500,Mumbai,99,328
Dr. Manish Kachhara,Dentist,22,Ghatkopar East,500,Mumbai,99,228
Dr. Sanket Mehta,Dentist,19,Matunga,500,Mumbai,99,465
Dr. Manish S. Sonawane,Dentist,19,Lokhandwala,500,Mumbai,98,64
Dr. Gautam Laud,Dentist,26,Kemps Corner,1000,Mumbai,98,108
Dr. Manoj Bodhwani,Dentist,18,Khar West,700,Mumbai,98,165
Dr. Rajesh Shetty,Dentist,28,Bandra West,2500,Mumbai,98,209
Dr. Manisha Mehta,Dentist,18,Worli,500,Mumbai,98,632
Dr. Nikhil Surana,Dentist,15,Kandivali East,500,Mumbai,97,30
Dr. Rajendra Sankpal,Dentist,32,Powai,600,Mumbai,95,116
Dr. Jeevan Shetty,Dentist,25,Powai,500,Mumbai,96,145
Dr. Kavin J. Shah,Dentist,15,JB Nagar,500,Mumbai,100,56
Dr. Rajesh Kamdar,Dentist,41,Andheri West,800,Mumbai,98,112
Dr. Alok Shah,Dentist,13,Powai,300,Mumbai,99,55
Dr. Dipti Gandhi,Dentist,40,Ghatkopar East,300,Mumbai,98,43
Dr. Sandhya Biyani,Dentist,14,Bandra West,500,Mumbai,99,188
Dr. Priyanka Deshpande,Dentist,21,Borivali West,600,Mumbai,99,92
Dr. Ajay Thaker,Dentist,28,Mulund West,300,Mumbai,99,781
Dr. Swapnil Shah,Dentist,35,Powai,500,Mumbai,98,147
Dr. Sandeep Bhirud,Dentist,35,Pimpri-Chinchwad,500,Pune,98,535
Dr. Jyoti Bhirud,Dentist,29,Pimpri-Chinchwad,500,Pune,98,171
Dr. Ankush R. Agrawal,Dentist,19,Wakad,400,Pune,97,52
Dr. Hemant Patil,Dentist,17,Pimple Saudagar,500,Pune,93,736
Dr. Dragpal Singh Rajput,Dentist,15,Baner,500,Pune,96,290
Dr. Priyanka Agrawal,Dentist,19,Kalyani Nagar,410,Pune,100,244
Dr. Sachin Phadke,Dentist,25,Paud Road,300,Pune,100,100
Dr. Neha A Agrawal,Dentist,18,Wakad,400,Pune,99,31
Dr. Chandrakiran Rajput,Dentist,17,Baner,500,Pune,96,17
Dr. Rahul Kathariya,Dentist,19,Baner,400,Pune,96,452
Dr. Gautami Phadke,Dentist,26,Karve Nagar,300,Pune,99,61
Dr. Amit Thareja,Dentist,20,Kalyani Nagar,410,Pune,100,201
Dr. Mrunal Godse,Dentist,16,Kothrud,300,Pune,96,86
Dr. Dhaval Oswal,Dentist,16,Bibvewadi,100,Pune,96,177
Dr. Amol Thorat Dinkar,Dentist,24,Kharadi,300,Pune,90,3
Dr. Ratnika Agarwal,Dentist,12,Kharadi,300,Pune,98,565
Dr. Pragati Mirikar,Dentist,17,Wakad,200,Pune,99,345
Dr. Bharati Kurulkar,Dentist,37,Paud Road,300,Pune,97,34
Dr. Vijay Deshmukh,Dentist,32,Prabhat Road,500,Pune,96,71
Dr. Sonali Nalawade kakade,Dentist,15,Pimpri-Chinchwad,500,Pune,98,29
Dr. Sourabh Nagpal,Dentist,19,Vasant Vihar,500,Delhi,98,633
Dr. Geetanjali Marya,Dentist,37,Greater Kailash Part 2,800,Delhi,98,38
Dr. Dheeraj Setia,Dentist,23,Panchsheel Park,500,Delhi,98,72
Dr. Kapil Garg,Dentist,19,Pitampura,500,Delhi,99,312
Dr. Karan Marya,Dentist,41,Greater Kailash Part 2,800,Delhi,96,39
Dr. Amit Baranwal,Dentist,25,Dwarka Sector 6,500,Delhi,96,69
Dr. Radhika Sahni,Dentist,28,New Friends Colony,1000,Delhi,99,128
Dr. Ruchi Gupta,Dentist,17,Pitampura,300,Delhi,98,119
Dr. Aparna Singhal,Dentist,16,Punjabi Bagh,400,Delhi,98,120
Dr. Yash Anand,Dentist,15,Vikas Puri,300,Delhi,98,291
Dr. Shivani Mangal,Dentist,13,Dwarka Sector 23,300,Delhi,100,147
Dr. Vidhi Walia Mishra,Dentist,11,Preet Vihar,400,Delhi,98,86
Dr. Anuj Valecha,Dentist,23,Rohini,500,Delhi,100,194
Dr. Manju Kaushik,Dentist,31,Lajpat Nagar,500,Delhi,99,218
Dr. Nikhil Dawar,Dentist,15,Mukherjee Nagar,500,Delhi,100,210
Dr. Shruti Goyal,Dentist,11,Rohini Sector 8,200,Delhi,98,49
Dr. Rohit Yadav,Dentist,12,Dwarka Sector 23,300,Delhi,100,117
Dr. Arvinder Kaur,Dentist,14,IP Extension,350,Delhi,100,163
Dr. Shivesh Mishra,Dentist,12,Preet Vihar,400,Delhi,98,34
Dr. Mehak Nagpal Sharma,Dentist,13,Dwarka,500,Delhi,100,101
Dr. Sawon Barman,Dentist,27,Haridevpur,500,Kolkata,91,36
Dr. Soumya Ray,Dentist,17,Lake Town,500,Kolkata,97,109
Dr. Ankur Gupta,Dentist,19,Park Street,500,Kolkata,98,127
Dr. Archit Kedia,Dentist,12,Salt Lake,500,Kolkata,100,33
Dr. Vidushi Seth,Dentist,12,Salt Lake,500,Kolkata,92,22
Dr. Saurabh Pramanik,Dentist,8,Nagerbazar,200,Kolkata,97,28
Dr. Shuvro Sengupta,Dentist,10,Keshtopur,400,Kolkata,100,381
Dr. Pallavi Mittal,Dentist,15,Lake Town,500,Kolkata,99,82
Dr. Nikita Parasrampuria,Dentist,11,Lake Town,500,Kolkata,92,32
Dr. Disha Agarwal,Dentist,14,Park Street,500,Kolkata,98,164
Dr. Sumit Khatore,Dentist,12,Beliaghata,300,Kolkata,100,12
Dr. Subhas Seth,Dentist,23,Tollygunge,500,Kolkata,100,3
Dr. Deepan Chandra,Dentist,18,Tollygunge,800,Kolkata,96,50
Dr. Payal Kedia,Dentist,7,Salt Lake,400,Kolkata,95,85
Dr. Ramsundar Hazra,Dentist,11,Jadavpur,500,Kolkata,97,24
Dr. Radhika V Goel,Dentist,19,Kasba,1000,Kolkata,98,181
Dr. Aditya Tiwary,Dentist,11,Sarat Bose Road,500,Kolkata,100,19
Dr. Anirban Bhattacharyya,Dentist,25,Kankurgachi,1000,Kolkata,94,49
Dr. Anupreet Kaur Choudhury,Dentist,29,Keshtopur,300,Kolkata,99,718
Dr. Manoj Kumar Singh,Dentist,19,Baranagar,500,Kolkata,100,5
Dr. Chaitra Nayak,Gynecologist/Obstetrician,22,Electronics City,700,Bangalore,97,67
Dr. M. Gowri,Gynecologist/Obstetrician,34,HSR Layout,700,Bangalore,90,287
Dr. Chaithra S K,Gynecologist/Obstetrician,15,Kalyan Nagar,850,Bangalore,95,95
Dr. Aparnaa Panda,Gynecologist/Obstetrician,26,Arekere,700,Bangalore,92,880
Dr. Rashmi Swaroop,Gynecologist/Obstetrician,24,HSR Layout,900,Bangalore,97,117
Dr. Anu Joseph,Gynecologist/Obstetrician,16,Electronics City,650,Bangalore,95,171
Dr. Triveni M P,Gynecologist/Obstetrician,23,Doddakammanahalli,600,Bangalore,95,119
Dr. Sandhya Shivakumar,Gynecologist/Obstetrician,22,Kalyan Nagar,700,Bangalore,98,93
Dr. Bhargavi Reddy,Gynecologist/Obstetrician,31,Indiranagar,700,Bangalore,83,144
Dr. Shwetha Yadav,Gynecologist/Obstetrician,17,Kalyan Nagar,700,Bangalore,98,103
Dr. Krishna Shaw,Gynecologist/Obstetrician,32,Electronics City,650,Bangalore,77,31
Dr. S K Bharathi Reddy,Gynecologist/Obstetrician,23,HSR Layout,700,Bangalore,59,16
Dr. Kanaka Santhosh,Gynecologist/Obstetrician,22,HSR Layout,700,Bangalore,50,3
Dr. Ruksana Kusther,Gynecologist/Obstetrician,24,Kalyan Nagar,700,Bangalore,100,22
Dr. Sridevi V,Gynecologist/Obstetrician,46,Indiranagar,700,Bangalore,86,5
Dr. Shilpa Haresh,Gynecologist/Obstetrician,25,Bilekahalli,500,Bangalore,90,50
Dr. Rashmi Roogi,Gynecologist/Obstetrician,23,Banashankari,700,Bangalore,100,40
Dr. Pavana Prakash,Gynecologist/Obstetrician,24,Banashankari,700,Bangalore,100,61
Dr. Narmada Katakam,Gynecologist/Obstetrician,30,Kothapet,1000,Hyderabad,97,149
Dr. T. Jayaprada,Gynecologist/Obstetrician,25,Kukatpally,600,Hyderabad,94,11
Dr. K. Suma,Gynecologist/Obstetrician,36,Nacharam,700,Hyderabad,93,158
Dr. Sridevi K,Gynecologist/Obstetrician,25,Kukatpally,600,Hyderabad,95,102
Dr. B. Radhika,Gynecologist/Obstetrician,20,Hitech City,700,Hyderabad,82,10
Dr. J.Rajeshwari,Gynecologist/Obstetrician,39,KPHB,400,Hyderabad,100,1
Dr. R.Meenakshi,Gynecologist/Obstetrician,21,Hitech City,600,Hyderabad,100,2
Dr. Swathi Reddy,Gynecologist/Obstetrician,16,Gachibowli,500,Hyderabad,89,27
Dr. Puja Lavania,Gynecologist/Obstetrician,18,Chanda Nagar,400,Hyderabad,95,175
Dr. Andal Reddy,Gynecologist/Obstetrician,24,Manikonda,600,Hyderabad,94,95
Dr. M.Kalpana,Gynecologist/Obstetrician,18,Secunderabad,600,Hyderabad,88,31
Dr. N. Sarada Vani,Gynecologist/Obstetrician,25,Ameerpet,500,Hyderabad,95,306
Dr. Radhika Reddy Pingili,Gynecologist/Obstetrician,26,Kondapur,700,Hyderabad,97,186
Dr. Suneetha Kumari P,Gynecologist/Obstetrician,23,Gachibowli,800,Hyderabad,89,6
Dr. P Tanuja,Gynecologist/Obstetrician,15,Ameerpet,700,Hyderabad,98,23
Dr. G Jayanthi,Gynecologist/Obstetrician,16,Vanasthalipuram,350,Hyderabad,89,13
Dr. Lakshmi Aswathaman,Gynecologist/Obstetrician,44,Anna Nagar,1200,Chennai,100,1
Dr. Vanitha Shri,Gynecologist/Obstetrician,21,Anna Nagar,800,Chennai,95,87
Dr. Niroopa Arun,Gynecologist/Obstetrician,16,Kilpauk,500,Chennai,100,1
Dr. Jaishree Gajaraj,Gynecologist/Obstetrician,44,Anna Nagar,1500,Chennai,88,3
Dr. Padmapriya Vivek,Gynecologist/Obstetrician,22,Perumbakkam,700,Chennai,91,176
Dr. Amudha Hari,Gynecologist/Obstetrician,37,Sholinganallur,400,Chennai,91,29
Dr. Radhika Meka,Gynecologist/Obstetrician,26,Kilpauk,500,Chennai,95,8
Dr. K.S Jeyarani Kamaraj,Gynecologist/Obstetrician,36,Vadapalani,600,Chennai,92,122
Dr. Thamarai,Gynecologist/Obstetrician,28,Mugalivakkam,350,Chennai,97,150
Dr. Usha,Gynecologist/Obstetrician,19,Tambaram West,500,Chennai,98,329
Dr. Niveditha K J,Gynecologist/Obstetrician,11,Vadapalani,600,Chennai,100,15
Dr. P Preethi,Gynecologist/Obstetrician,34,Thiruvanmiyur,700,Chennai,94,157
Dr. Sasirekha Kumaran,Gynecologist/Obstetrician,24,Valasaravakkam,700,Chennai,97,199
Dr. Rajapriya Ayyappan,Gynecologist/Obstetrician,30,Perambur,600,Chennai,90,5
Dr. Rukkayal Fathima,Gynecologist/Obstetrician,13,Mylapore,500,Chennai,99,226
Dr. S. Sharada,Gynecologist/Obstetrician,23,Perungudi,500,Chennai,99,94
Dr. Vani Sundarapandian,Gynecologist/Obstetrician,31,Neelankarai,750,Chennai,97,129
Dr. Anitha M,Gynecologist/Obstetrician,19,KK Nagar,500,Chennai,100,110
Dr. Ankesh Sahetya,Gynecologist/Obstetrician,16,Andheri West,1200,Mumbai,100,1323
Dr. Nikhil D Datar,Gynecologist/Obstetrician,33,Malad West,1000,Mumbai,99,508
Dr. Swati Shah,Gynecologist/Obstetrician,32,Santacruz West,2200,Mumbai,100,2
Dr. Hemlata Hardasani,Gynecologist/Obstetrician,28,Andheri West,1700,Mumbai,99,804
Dr. Anagha Chhatrapati,Gynecologist/Obstetrician,17,Parel,1600,Mumbai,100,6
Dr. Anjali Jitendra Bapat,Gynecologist/Obstetrician,38,Mahim,1000,Mumbai,95,151
Dr. Vidya Patil,Gynecologist/Obstetrician,28,Kandivali West,1000,Mumbai,88,47
Dr. Varsha Degwekar,Gynecologist/Obstetrician,37,Powai,1000,Mumbai,94,157
Dr. Balkrishna M Inamdar,Gynecologist/Obstetrician,45,Goregaon West,1000,Mumbai,93,3
Dr. Gouri Sultane Gupta,Gynecologist/Obstetrician,21,Goregaon West,1000,Mumbai,91,113
Dr. Ashlesha Sankhe,Gynecologist/Obstetrician,28,Andheri West,1500,Mumbai,98,109
Dr. Nanda R Kumar,Gynecologist/Obstetrician,21,Chembur East,1000,Mumbai,90,120
Dr. Shubhada Kulkarni,Gynecologist/Obstetrician,45,Andheri West,1200,Mumbai,89,136
Dr. Swapna S. Kumar,Gynecologist/Obstetrician,17,Bhandup West,800,Mumbai,96,51
Dr. Sangeeta Raodeo,Gynecologist/Obstetrician,18,Bhandup West,800,Mumbai,100,55
Dr. Tejal Poddar,Gynecologist/Obstetrician,13,Opera House,1000,Mumbai,98,97
Dr. Punit Bhojani,Gynecologist/Obstetrician,21,Matunga,1200,Mumbai,99,86
Dr. Kunjal Bathija,Gynecologist/Obstetrician,32,Colaba,800,Mumbai,78,18
Dr. Amit Shaligram Patil,Gynecologist/Obstetrician,22,Pimpri-Chinchwad,1000,Pune,100,7
Dr. Preeti Kale,Gynecologist/Obstetrician,24,Aundh,700,Pune,95,144
Dr. Vinod Bharati,Gynecologist/Obstetrician,22,Kharadi,700,Pune,99,294
Dr. Bijal Mistry,Gynecologist/Obstetrician,16,Pimpri-Chinchwad,800,Pune,100,1
Dr. Kedar Marathe,Gynecologist/Obstetrician,19,Pimple Saudagar,1000,Pune,78,14
Dr. Sarika Dahiphale,Gynecologist/Obstetrician,21,Baner,700,Pune,98,238
Dr. Mohita Goyal,Gynecologist/Obstetrician,24,Viman Nagar,600,Pune,95,317
Dr. Nikhil Mahadar,Gynecologist/Obstetrician,17,Wakad,400,Pune,99,299
Dr. Manisha Munemane,Gynecologist/Obstetrician,29,Balewadi,700,Pune,94,407
Dr. Sunita Umberkar,Gynecologist/Obstetrician,19,Bavdhan,500,Pune,99,261
Dr. Rohini Abhay Somani,Gynecologist/Obstetrician,24,Kothrud,600,Pune,80,23
Dr. Pratibha Chavan,Gynecologist/Obstetrician,16,Pimple Saudagar,700,Pune,96,763
Dr. Jyoti Dekate,Gynecologist/Obstetrician,20,Wakad,600,Pune,96,250
Dr. Durga Karne,Gynecologist/Obstetrician,23,Sinhagad Road,500,Pune,96,33
Dr. Madhuri Roy,Gynecologist/Obstetrician,27,Wakad,700,Pune,97,93
Dr. Mithil Patil,Gynecologist/Obstetrician,22,Balewadi,500,Pune,98,60
Dr. Charushila Palwade,Gynecologist/Obstetrician,16,Baner,600,Pune,97,40
Dr. Pallavi Tiple,Gynecologist/Obstetrician,10,Baner,500,Pune,100,29
Dr. Jaideep Palwade,Gynecologist/Obstetrician,17,Baner,500,Pune,97,56
Dr. Ruchi Tandon,Gynecologist/Obstetrician,19,Greater Kailash Part 1,1000,Delhi,81,8
Dr. Shivani Sachdev Gour,Gynecologist/Obstetrician,26,Greater Kailash Part 1,1000,Delhi,82,36
Dr. Shilpi Juneja,Gynecologist/Obstetrician,19,Greater Kailash Part 1,1000,Delhi,93,12
Dr. Dhwani Mago,Gynecologist/Obstetrician,17,Greater Kailash Part 1,1000,Delhi,99,144
Dr. Malvika Sabharwal,Gynecologist/Obstetrician,43,Karol Bagh,1000,Delhi,87,48
Dr. Nikita Trehan,Gynecologist/Obstetrician,20,New Friends Colony,1000,Delhi,87,19
Dr. Shivani Sabharwal,Gynecologist/Obstetrician,19,Karol Bagh,1000,Delhi,88,24
Dr. Keerti Khetan,Gynecologist/Obstetrician,31,Pusa Road,1500,Delhi,91,9
Dr. Ruchi Malhotra,Gynecologist/Obstetrician,32,Kingsway Camp,700,Delhi,91,153
Dr. Neha Khandelwal,Gynecologist/Obstetrician,20,Greater Kailash Part 1,1200,Delhi,99,587
Dr. Shikha Gurnani,Gynecologist/Obstetrician,21,Dwarka,800,Delhi,98,754
Dr. Shakti Bhan Khanna,Gynecologist/Obstetrician,60,Chirag Delhi,2000,Delhi,89,4
Dr. Seema Sharma,Gynecologist/Obstetrician,30,Rajouri Garden,1500,Delhi,96,368
Dr. Anuradha Khurana,Gynecologist/Obstetrician,20,Lajpat Nagar,600,Delhi,97,260
Dr. Tripti Sharan,Gynecologist/Obstetrician,31,Pusa Road,1700,Delhi,58,4
Dr. Dinesh Kansal,Gynecologist/Obstetrician,40,Pusa Road,1700,Delhi,67,14
Dr. Anita K Jain,Gynecologist/Obstetrician,25,Paschim Vihar,600,Delhi,98,62
Dr. Madhu Goel,Gynecologist/Obstetrician,31,Greater Kailash Part 2,1500,Delhi,99,180
Dr. Sunita Verma,Gynecologist/Obstetrician,35,Dwarka,1000,Delhi,93,38
Dr. Subidita Chatterjee,Gynecologist/Obstetrician,39,Salt Lake,1000,Kolkata,90,298
Dr. Aruna Mitra,Gynecologist/Obstetrician,52,Behala,1000,Kolkata,94,37
Dr. Sankar Das Mahapatra,Gynecologist/Obstetrician,34,Teghoria,800,Kolkata,83,22
Dr. Arindam Rath,Gynecologist/Obstetrician,20,Gobra,1000,Kolkata,100,6
Dr. Biplab Deb,Gynecologist/Obstetrician,22,Dumdum,600,Kolkata,95,42
Dr. Arunima Haldar,Gynecologist/Obstetrician,15,New Town,600,Kolkata,95,50
Dr. Arundhati Chakrabarty,Gynecologist/Obstetrician,9,Birati,500,Kolkata,67,2
Dr. Souren Bhattacharjee,Gynecologist/Obstetrician,33,Sarat Bose Road,500,Kolkata,100,1
Dr. Biswajyoti Guha,Gynecologist/Obstetrician,30,Mukundapur,800,Kolkata,100,10
Dr. Rahul Roy Chowdhury,Gynecologist/Obstetrician,33,Mukundapur,1200,Kolkata,100,3
Dr. Piya Roy,Gynecologist/Obstetrician,32,Mukundapur,800,Kolkata,62,25
Dr. Irina Dey,Gynecologist/Obstetrician,20,Dhakuria,900,Kolkata,100,150
Dr. Ranjana Tibrewal,Gynecologist/Obstetrician,22,Lake Gardens,1500,Kolkata,80,29
Dr. Venkataramana,General Physician,54,Electronics City,700,Bangalore,93,108
Dr. Srinath A,General Physician,31,Kengeri,700,Bangalore,75,4
Dr. Ravishankar Reddy C. R.,General Physician,31,Koramangala 1 Block,1000,Bangalore,88,248
Dr. Abdul Majid,General Physician,47,Yeshwanthpur,950,Bangalore,100,3
Dr. Rupashree S P,General Physician,33,Koramangala 5 Block,800,Bangalore,92,13
Dr. Balakrishna GK,General Physician,38,Kengeri,400,Bangalore,85,16
Dr. Aravind G. M.,General Physician,23,Jayanagar 9 Block,650,Bangalore,94,28
Dr. Vinay D,General Physician,17,Jayanagar,750,Bangalore,93,12
Dr. Rajendra Prasad,General Physician,37,Indiranagar,700,Bangalore,59,59
Dr. Harish K V,General Physician,28,Millers Road,1000,Bangalore,86,25
Dr. Ahmed Husain,General Physician,37,Jayanagar 4 Block,325,Bangalore,93,37
Dr. Minakshi Dutta,General Physician,46,Domlur,500,Bangalore,100,15
Dr. Jagadeesh Kumar Kanukuntla,General Physician,17,Gachibowli,800,Hyderabad,82,13
Dr. Murali Yelchuri,General Physician,18,Miyapur,700,Hyderabad,88,24
Dr. Mithil B Ghushe,General Physician,21,Hitech City,500,Hyderabad,93,14
Dr. Subhash Chander,General Physician,52,Jeedimetla,700,Hyderabad,94,226
Dr. Lakshmikanth Reddy,General Physician,18,Hitech City,500,Hyderabad,79,6
Dr. Dhananjaya K L,General Physician,22,Gachibowli,800,Hyderabad,75,4
Dr. Naveen Kumar Pothireddy,General Physician,15,Hitech City,500,Hyderabad,100,26
Dr. Rahul Gandhi Godisela,General Physician,20,Attapur,350,Hyderabad,92,18
Dr. Sivani Payneni,General Physician,17,Serilingampally,650,Hyderabad,100,32
Dr. Sonal Jain,General Physician,14,Himayat Nagar,600,Hyderabad,100,66
Dr. Spandana Kanaparthi,General Physician,8,Sanath Nagar,500,Hyderabad,100,2
Dr. Anirudha Anumula,General Physician,17,Kondapur,600,Hyderabad,95,18
Dr. S. Ravindra Kumar,General Physician,32,Ameerpet,600,Hyderabad,69,7
Dr. Moka Praneeth,General Physician,15,Hitech City,500,Hyderabad,90,10
Dr. Ilamparuthi,General Physician,34,Kilpauk,600,Chennai,100,2
Dr. Govindaraj,General Physician,43,Anna Nagar,1500,Chennai,93,7
Dr. Saravanan Lakshmanan,General Physician,25,Kotturpuram,750,Chennai,89,36
Dr. T. Vijay,General Physician,26,Mogappair East,400,Chennai,99,365
Dr. Pavithra Thamizharasan,General Physician,12,Perumbakkam,500,Chennai,100,3
Dr. Spoorthi Arun Velagapalli,General Physician,22,Kottivakkam,750,Chennai,100,20
Dr. Pravin K Aggarwal,General Physician,43,Alwarpet,800,Chennai,88,6
Dr. P Sivaraj,General Physician,21,Anna Nagar,1000,Chennai,87,20
Dr. Akila Mani,General Physician,23,Vanagaram,800,Chennai,94,18
Dr. Sudha Balasubramanian,General Physician,29,Nanganallur,500,Chennai,100,3
Dr. Swati Kapadia,General Physician,34,Sholinganallur,800,Chennai,93,9
Dr. Anand Gnanaraj,General Physician,32,Vanagaram,1200,Chennai,100,2
Dr. Jayashree Krishnan,General Physician,33,Vanagaram,800,Chennai,56,7
Dr. Sangeeta Chokhani,General Physician,34,Andheri West,600,Mumbai,96,30
Dr. Seema S. Masrani,General Physician,31,Kandivali West,1000,Mumbai,93,6
Dr. Rekha Kadam,General Physician,26,Andheri West,800,Mumbai,92,8
Dr. Neeraj Kumar Tulara,General Physician,23,Powai,1600,Mumbai,94,73
Dr. Akshay Jain,General Physician,10,Lower Parel,500,Mumbai,98,111
Dr. Vasudev,General Physician,25,Bhandup,2000,Mumbai,85,158
Dr. Kiran C Mhatre,General Physician,26,Chembur East,1200,Mumbai,89,20
Dr. Kalpana B Tiwari,General Physician,13,Chembur,700,Mumbai,100,37
Dr. Shubhashree Patil,General Physician,19,Andheri East,1300,Mumbai,99,262
Dr. Sanchaita Garg Shah,General Physician,14,Parel,700,Mumbai,92,19
Dr. Vaijayanti Mahajan,General Physician,25,Bandra East,1000,Mumbai,97,45
Dr. Mili S. Joshi,General Physician,27,Santacruz East,1000,Mumbai,97,61
Dr. Swati Kapadia,General Physician,34,Andheri West,1800,Mumbai,93,9
Dr. Rajesh Shinde,General Physician,29,Borivali West,800,Mumbai,96,25
Dr. Ashwini Bansode,General Physician,20,Goregaon East,1000,Mumbai,80,31
Dr. Milind Kulkarni,General Physician,19,Vishrantwadi,600,Pune,95,107
Dr. Suruchi Mandrekar,General Physician,28,Baner,550,Pune,95,54
Dr. Vinod Midha,General Physician,40,Viman Nagar,550,Pune,96,55
Dr. Amol L Dange,General Physician,20,Wakad,600,Pune,88,21
Dr. Piyush Lodha,General Physician,11,Swargate,1000,Pune,100,15
Dr. Mukesh Mahajan,General Physician,17,Keshav Nagar,400,Pune,98,67
Dr. Rahul Chavan,General Physician,17,Baner,800,Pune,93,80
Dr. Gopal Jaju,General Physician,13,Kharadi,500,Pune,98,30
Dr. Mushfiya Bahrainwala,General Physician,19,Wanowrie,400,Pune,100,8
Dr. (Colonel) A.K Mehta,General Physician,42,Magarpatta City,600,Pune,98,117
Dr. Rasika Thakare,General Physician,9,Baner,600,Pune,96,8
Dr. Monika Mamidwar,General Physician,21,Pimple Saudagar,900,Pune,93,102
Dr. Narayan Survase,General Physician,27,Wakad,600,Pune,83,98
Dr. Jyoti Gulati,General Physician,39,Aundh,1000,Pune,96,180
Dr. Mukesh Budhwani,General Physician,22,Viman Nagar,650,Pune,88,44
Dr. Raj Kumar,General Physician,23,Safdarjung Enclave,1000,Delhi,93,44
Dr. Rajinder Kumar Singal,General Physician,42,Pusa Road,2000,Delhi,85,4
Dr. Amitabh Khanna,General Physician,38,Dwarka,1200,Delhi,81,147
Dr. Anuj Gupta,General Physician,25,Munirka,1250,Delhi,97,197
Dr. (Maj.)Sharad Shrivastava,General Physician,31,Dwarka Sector 7,800,Delhi,93,150
Dr. R N Saini,General Physician,49,Pusa Road,2000,Delhi,100,1
Dr. Vivek Pal Singh,General Physician,19,Pusa Road,2000,Delhi,75,2
Dr. Yatin Kukreja,General Physician,21,Lajpat Nagar 4,700,Delhi,98,163
Dr. V.S Isser,General Physician,40,Janakpuri,800,Delhi,84,6
Dr. Sunil Chauhan,General Physician,15,Sarita Vihar,700,Delhi,97,37
Dr. Yuvraj Arora Monga,General Physician,27,Lajpat Nagar,800,Delhi,83,824
Dr. Charu Goel Sachdeva,General Physician,23,Dwarka Sector 6,900,Delhi,73,20
Dr. Satbir Singh,General Physician,25,Pusa Road,1300,Delhi,97,109
Dr. Ayush Gupta,General Physician,34,Shalimar Bagh,800,Delhi,60,9
Dr. Ankit Nijhara,General Physician,4,Patel Nagar East,600,Delhi,98,69
Dr. Bimal Kumar Dubey,General Physician,27,Rohini,600,Delhi,94,52
Dr. Shyama Prasad Roy,General Physician,38,Jadavpur,800,Kolkata,82,8
Dr. Rakhi Sanyal,General Physician,31,Salt Lake,1200,Kolkata,50,1
Dr. Ashita Kuruvilla,General Physician,7,Behala,650,Kolkata,100,32
Dr. Anirvan Jaiswal,General Physician,18,Salt Lake,800,Kolkata,100,2
Dr. Shambhu Vishal,General Physician,15,Salt Lake,800,Kolkata,94,13
Dr. Kundan Chaurasia,General Physician,19,Bhawanipore,1500,Kolkata,69,8
Dr. Govind Krishna Gupta,General Physician,37,Elgin,1000,Kolkata,74,13
Dr. Saugata Poddar,General Physician,9,Kaikhali,499,Kolkata,96,44
Dr. Rishav Mukherjee,General Physician,7,Kidderpore ,600,Kolkata,100,17
Dr. Sujoy Panchadhyayee,General Physician,17,Mukundapur,1000,Kolkata,71,6
Dr. Arnab Datta,General Physician,7,Garia,700,Kolkata,100,5
Dr. Nithya Raghunath,Dermatologist,15,Kalyan Nagar,800,Bangalore,96,710
Dr. Ravikant Chauhan,Dermatologist,15,Kalyan Nagar,800,Bangalore,98,125
Dr. Varsha S Patil,Dermatologist,15,Kalyan Nagar,800,Bangalore,95,56
Dr. Deepak Devakar,Dermatologist,20,JP Nagar,600,Bangalore,98,594
Dr. Neelima Sharma,Dermatologist,25,Jayanagar 9 Block,650,Bangalore,95,30
Dr. Jyothi Menon,Dermatologist,23,Koramangala 7 Block,700,Bangalore,94,43
Dr. Sheelavathi Natraj,Dermatologist,20,JP Nagar,700,Bangalore,94,614
Dr. Navya S,Dermatologist,6,HSR Layout,650,Bangalore,100,9
Dr. Harish Prasad B.R,Dermatologist,17,BTM Layout,700,Bangalore,95,373
Dr. Ramanjanayalu,Dermatologist,18,Kasturi nagar,800,Bangalore,97,109
Dr. K C Dharam Kumar,Dermatologist,10,JP Nagar,750,Bangalore,99,206
Dr. Hari Kishan Kumar,Dermatologist,18,Kengeri,700,Bangalore,83,16
Dr. S C Rajendran,Dermatologist,45,Koramangala,600,Bangalore,68,113
Dr. Veena Rao,Dermatologist,25,Jayanagar 5 Block,700,Bangalore,97,170
Dr. Priyadarshini M,Dermatologist,13,Sahakaranagar,600,Bangalore,99,35
Dr. Sneha Sood,Dermatologist,12,Indiranagar,500,Bangalore,98,91
Dr. Jigisha N Jalu,Dermatologist,14,Whitefield,700,Bangalore,95,62
Dr. Swetha Gowda,Dermatologist,13,Indiranagar,700,Bangalore,92,63
Dr. Rethvi Tej,Dermatologist,14,Sadashivanagar,700,Bangalore,98,39
Dr. Divya Gupta,Dermatologist,15,Old Airport Road,1100,Bangalore,100,2
Dr. G L Sitara,Dermatologist,14,Madinaguda,500,Hyderabad,98,315
Dr. Kamal,Dermatologist,34,Himayat Nagar,800,Hyderabad,99,122
Dr. Mounika Ketha,Dermatologist,11,Manikonda,700,Hyderabad,99,191
Dr. Meghana,Dermatologist,21,Banjara Hills,700,Hyderabad,99,144
Dr. Sajjan R Agarwal,Dermatologist,46,Panjagutta,800,Hyderabad,93,338
Dr. T N Rekha Singh,Dermatologist,20,Secunderabad,700,Hyderabad,99,236
Dr. Brahmananda Reddy,Dermatologist,11,Banjara Hills,500,Hyderabad,94,335
Dr. Sruthi Alla,Dermatologist,13,Madhapur,800,Hyderabad,97,314
Dr. Ch Vijay Bhasker Reddy,Dermatologist,14,LB Nagar,300,Hyderabad,96,12
Dr. Mallikarjun,Dermatologist,11,Chanda Nagar,400,Hyderabad,99,85
Dr. Sirisha Yanegalla,Dermatologist,14,Kondapur,600,Hyderabad,96,192
Dr. Venu Kumari,Dermatologist,19,Chanda Nagar,500,Hyderabad,86,938
Dr. Nishant Jain,Dermatologist,8,Ameerpet,500,Hyderabad,100,8
Dr. Indira,Dermatologist,34,Ameerpet,600,Hyderabad,87,7
Dr. Y Nikhil Kumar Reddy,Dermatologist,13,Suchitra Circle,500,Hyderabad,93,192
Dr. Anudeep,Dermatologist,11,Kondapur,500,Hyderabad,99,64
Dr. B Anand,Dermatologist,18,Karkhana,600,Hyderabad,97,215
Dr. P. Madhavi Reddy,Dermatologist,24,Banjara Hills,700,Hyderabad,99,149
Dr. Uma Chakravadhanula,Dermatologist,30,Madhapur,700,Hyderabad,97,33
Dr. Sindhuri Reddy Vongumalli,Dermatologist,15,Miyapur,500,Hyderabad,95,45
Dr. R. Sowmiya,Dermatologist,22,Mogappair East,400,Chennai,96,126
Dr. B.Sindhu Raaghavi,Dermatologist,14,Velachery,700,Chennai,98,231
Dr. Nivedita Raveendran,Dermatologist,10,Adyar,600,Chennai,94,52
Dr. Bhuvanashree N,Dermatologist,10,Adyar,700,Chennai,99,117
Dr. Jyothsna,Dermatologist,13,Saligramam,800,Chennai,96,153
Dr. Snehalatha,Dermatologist,19,Tambaram East,850,Chennai,92,236
Dr. Aarthi Lakshmanan,Dermatologist,21,MRC Nagar,850,Chennai,93,461
Dr. Ganga Ravikumar,Dermatologist,34,Adyar,800,Chennai,97,276
Dr. Sukanya Mathupal,Dermatologist,24,Chromepet,600,Chennai,94,97
Dr. Lakshmi M,Dermatologist,20,Anna Nagar,700,Chennai,98,120
Dr. Chandan,Dermatologist,24,Alwarpet,1500,Chennai,97,78
Dr. Ariganesh,Dermatologist,17,Mylapore,500,Chennai,89,72
Dr. Shankari Jeyakumar,Dermatologist,15,OMR Road,700,Chennai,100,38
Dr. Azra Fatima N,Dermatologist,12,Adyar,700,Chennai,99,93
Dr. Sai Preethi,Dermatologist,9,Velachery,500,Chennai,100,22
Dr. Kutti Sai Swetha,Dermatologist,8,Semmancheri,500,Chennai,95,86
Dr. Syed Shakeel,Dermatologist,32,Kilpauk,500,Chennai,99,56
Dr. Senthil Sivaprakasam,Dermatologist,19,Kilpauk,600,Chennai,98,63
Dr. Ramanan,Dermatologist,51,Alwarpet,500,Chennai,93,4
Dr. Katheeja Nasika,Dermatologist,7,Chromepet,600,Chennai,94,22
Dr. Yogesh Kalyanpad,Dermatologist,14,Santacruz West,1500,Mumbai,100,393
Dr. Jeetendra Khatuja,Dermatologist,16,Andheri West,1000,Mumbai,99,214
Dr. Sujit Shanshanwal,Dermatologist,15,Santacruz West,1500,Mumbai,99,809
Dr. Prachi Saraogi,Dermatologist,16,Malad East,900,Mumbai,99,198
Dr. Pallavi Rathi,Dermatologist,20,Andheri East,1200,Mumbai,90,267
Dr. Vaidehi Saigaonkar Newaskar,Dermatologist,14,Bandra West,1500,Mumbai,100,112
Dr. Sejal Saheta,Dermatologist,20,Powai,1000,Mumbai,95,311
Dr. Raina Nahar,Dermatologist,16,Andheri West,1000,Mumbai,92,161
Dr. Ujjvala Jadhav,Dermatologist,25,Goregaon East,1000,Mumbai,93,117
Dr. Priyam Bhagat,Dermatologist,21,Goregaon East,1500,Mumbai,97,165
Dr. Anju Bijoy Methil,Dermatologist,30,Andheri West,1200,Mumbai,96,151
Dr. Meeth Atawane,Dermatologist,14,Andheri East,1000,Mumbai,100,177
Dr. Sharmila Nayak,Dermatologist,26,Andheri West,1500,Mumbai,97,72
Dr. Suraj Shetty,Dermatologist,15,Andheri West,1200,Mumbai,99,68
Dr. Mohd Asif,Dermatologist,12,Santacruz West,1200,Mumbai,98,132
Dr. Sarika Holmukhe,Dermatologist,19,Andheri West,1000,Mumbai,95,114
Dr. Shruti Chavan,Dermatologist,14,Andheri West,1200,Mumbai,100,60
Dr. Shubhangi Mahajan,Dermatologist,14,Parel,1000,Mumbai,99,59
Dr. Ganesh Avhad,Dermatologist,16,Sion,800,Mumbai,98,69
Dr. Pooja Chopra,Dermatologist,17,Andheri West,1500,Mumbai,97,69
Dr. Pradeep Kumari,Dermatologist,21,Viman Nagar,700,Pune,96,690
Dr. Amol Bhandkar,Dermatologist,21,Kharadi,500,Pune,97,459
Dr. Nitin Jain,Dermatologist,22,Kothrud,700,Pune,96,346
Dr. L K Desai,Dermatologist,29,Sopan Baug,700,Pune,94,140
Dr. Rajshree Patil,Dermatologist,26,Aundh,500,Pune,90,234
Dr. Mohan Darbastwar,Dermatologist,17,Koregaon Park,700,Pune,96,261
Dr. Renuka Vinod Nalawade,Dermatologist,11,Kothrud,600,Pune,100,63
Dr. Pallavi Ahire Shelke,Dermatologist,17,Baner,600,Pune,97,460
Dr. Hina Kherajani,Dermatologist,22,Pimple Saudagar,700,Pune,95,418
Dr. Ravi Kothari,Dermatologist,21,Aundh,600,Pune,86,120
Dr. Hetal Jobanputra,Dermatologist,19,Baner,700,Pune,97,352
Dr. Sonal Chavan,Dermatologist,18,Pimple Saudagar,700,Pune,90,405
Dr. Karuna Soni,Dermatologist,18,Baner,700,Pune,98,488
Dr. Pradeep Patil,Dermatologist,23,Baner,600,Pune,100,20
Dr. Rupal Phate,Dermatologist,18,Kalyani Nagar,700,Pune,100,71
Dr. Madhavi Krishnarao Salunkhe,Dermatologist,22,Shivajinagar,700,Pune,100,64
Dr. Rohan Anand,Dermatologist,12,Koregaon Park,500,Pune,90,145
Dr. Pooja Tilwani,Dermatologist,15,Pimple Saudagar,700,Pune,94,630
Dr. Nandini Teli,Dermatologist,15,Wakad,800,Pune,91,441
Dr. Anagha Dudhbhate,Dermatologist,35,Erandwane,800,Pune,98,384
Dr. Praveen Kumar,Dermatologist,7,Rohini,500,Delhi,99,192
Dr. Ridhima Yadava,Dermatologist,13,Punjabi Bagh,700,Delhi,100,193
Dr. Abhishek Sharma,Dermatologist,13,South Extension 1,1200,Delhi,99,176
Dr. Nipun Jain,Dermatologist,27,Dwarka,800,Delhi,98,250
Dr. Monica Chahar,Dermatologist,14,Dwarka Sector 19,700,Delhi,98,202
Dr. Mahima Wadhwa,Dermatologist,13,Shalimar Bagh,800,Delhi,100,80
Dr. A J Kanwar,Dermatologist,53,Greater Kailash Part 1,1500,Delhi,96,402
Dr. Manisha Chopra,Dermatologist,26,Greater Kailash Part 2,1000,Delhi,97,80
Dr. Sweety Darall,Dermatologist,11,Janakpuri,700,Delhi,100,22
Dr. Jai Dhingra,Dermatologist,13,Pitampura,600,Delhi,99,114
Dr. Deepti  Shrivastava,Dermatologist,29,Anand Vihar,1000,Delhi,95,363
Dr. Tapesh Sharma,Dermatologist,26,Dwarka,1500,Delhi,97,318
Dr. Soni Nanda,Dermatologist,23,Mayur Vihar Ph-I,1000,Delhi,97,266
Dr. Gunjan Aggarwal,Dermatologist,12,Rohini Sector 5,700,Delhi,100,11
Dr. Prateek Sondhi,Dermatologist,14,South Extension 2,1200,Delhi,96,405
Dr. Anuj Saigal,Dermatologist,16,Green Park,1200,Delhi,98,205
Dr. Bhavna Mangla,Dermatologist,22,Pitampura,1000,Delhi,99,266
Dr. Geetika Srivastava,Dermatologist,12,Hauz Khas,1500,Delhi,98,115
Dr. Shruti Gupta,Dermatologist,14,Kamla Nagar,1000,Delhi,99,2156
Dr. Navjot Singh Arora,Dermatologist,13,Dwarka Sector 7,900,Delhi,97,201
Dr. Reeja Mariam George,Dermatologist,16,Park Street,700,Kolkata,97,75
Dr. Debatri Datta,Dermatologist,9,Salt Lake,700,Kolkata,97,131
Dr. Farhat Fatima,Dermatologist,8,Jodhpur Park,700,Kolkata,100,19
Dr. Archana Bhowmik,Dermatologist,11,Park Street,700,Kolkata,100,19
Dr. Rajendrani Mazumder,Dermatologist,8,Salt Lake,700,Kolkata,100,16
Dr. Aarti Sarda,Dermatologist,17,Dhakuria,1000,Kolkata,91,100
Dr. Nidhi jindal,Dermatologist,19,Salt Lake,700,Kolkata,97,57
Dr. Khushbu Tantia,Dermatologist,11,Salt Lake,700,Kolkata,91,50
Dr. Vivekananda Majumdar,Dermatologist,45,Tangra,1300,Kolkata,54,6
Dr. Tripathy Sanjita,Dermatologist,18,Park Street,700,Kolkata,92,35
Dr. Barnali Dutta,Dermatologist,28,Jodhpur Park,700,Kolkata,95,108
Dr. Avik Ghosh,Dermatologist,10,Park Street,700,Kolkata,95,37
Dr. Shelly,Dermatologist,7,Salt Lake,600,Kolkata,64,8
Dr. Amanur Rahaman,Dermatologist,21,Mukundapur,1000,Kolkata,75,9
Dr. Ashwini S Tatawati,Dermatologist,7,Park Street,700,Kolkata,100,60
Dr. Soham Bhattacharyya,Dermatologist,19,Salt Lake,500,Kolkata,79,28
Dr. Asad Ansari,Dermatologist,13,Minto Park,1000,Kolkata,50,5
Dr. Ravi Sachidananda,Ear-Nose-Throat (ENT),30,Yeshwanthpur,850,Bangalore,95,319
Dr. Shantala M.N,Ear-Nose-Throat (ENT),25,Jayanagar 9 Block,650,Bangalore,99,174
Dr. P Harihara Murthy,Ear-Nose-Throat (ENT),33,Koramangala 5 Block,600,Bangalore,95,148
Dr. Archana Muralidharan,Ear-Nose-Throat (ENT),22,Hebbal,800,Bangalore,89,40
Dr. Veena Yagna,Ear-Nose-Throat (ENT),16,Kalyan Nagar,700,Bangalore,95,178
Dr. Ravindranath Kudva,Ear-Nose-Throat (ENT),43,Indiranagar,700,Bangalore,81,29
Dr. Santosh Shivaswamy,Ear-Nose-Throat (ENT),22,Hebbal,800,Bangalore,55,3
Dr. Girish Anand M S,Ear-Nose-Throat (ENT),27,Hebbal,1100,Bangalore,81,26
Dr. Ruchi Rajput,Ear-Nose-Throat (ENT),19,Yemalur,700,Bangalore,96,124
Dr. Shreyas Pradeep,Ear-Nose-Throat (ENT),12,Basavanagudi,500,Bangalore,98,393
Dr. Bijjal Raj,Ear-Nose-Throat (ENT),13,Banashankari,700,Bangalore,100,3
Dr. Jayaram Gowda,Ear-Nose-Throat (ENT),34,KR Puram,700,Bangalore,92,25
Dr. P.S Pradeep Kumar,Ear-Nose-Throat (ENT),37,Banashankari 2nd Stage,750,Bangalore,94,236
Dr. Sanjay Kumar,Ear-Nose-Throat (ENT),29,Koramangala 5 Block,600,Bangalore,88,66
Dr. Raghavendra K S,Ear-Nose-Throat (ENT),19,Koramangala,600,Bangalore,97,73
Dr. Swetha Chandrasekaran,Ear-Nose-Throat (ENT),18,Indiranagar,750,Bangalore,97,8
Dr. Sreenivasa Murthy T. M,Ear-Nose-Throat (ENT),24,Yeshwanthpur,950,Bangalore,90,22
Dr. Satish Nair,Ear-Nose-Throat (ENT),31,Bannerghatta Road,950,Bangalore,90,41
Dr. K P Goud,Ear-Nose-Throat (ENT),27,Chanda Nagar,450,Hyderabad,33,1
Dr. Sampurna Ghosh,Ear-Nose-Throat (ENT),15,Hitech City,600,Hyderabad,97,176
Dr. Ashok Kumar Singh,Ear-Nose-Throat (ENT),18,Gachibowli,800,Hyderabad,93,178
Dr. Ranbeer Singh,Ear-Nose-Throat (ENT),39,Himayat Nagar,900,Hyderabad,94,127
Dr. Dheeraj Kumar Jonnalagadda,Ear-Nose-Throat (ENT),10,Banjara Hills,800,Hyderabad,95,69
Dr. Sushmitha,Ear-Nose-Throat (ENT),29,Ameerpet,600,Hyderabad,95,29
Dr. Dushyanth Ganesuni,Ear-Nose-Throat (ENT),16,Gachibowli,700,Hyderabad,100,6
Dr. M M Shareef,Ear-Nose-Throat (ENT),26,Madhapur,600,Hyderabad,96,338
Dr. M.Naveen Kumar,Ear-Nose-Throat (ENT),22,East Marredpally,900,Hyderabad,100,75
Dr. S Neelima,Ear-Nose-Throat (ENT),14,Miyapur,500,Hyderabad,97,14
Dr. Chinny Sree M,Ear-Nose-Throat (ENT),11,KPHB,750,Hyderabad,25,3
Dr. N. Rajasekharam,Ear-Nose-Throat (ENT),25,Ameerpet,700,Hyderabad,94,15
Dr. P.Ramakrishnaiah,Ear-Nose-Throat (ENT),16,Attapur,500,Hyderabad,95,27
Dr. Sathish Kumar S,Ear-Nose-Throat (ENT),18,Miyapur,500,Hyderabad,92,147
Dr. Neha padia,Ear-Nose-Throat (ENT),6,Kondapur,500,Hyderabad,100,4
Dr. Anunya Reddy,Ear-Nose-Throat (ENT),11,Manikonda,500,Hyderabad,89,7
Dr. Sundhari.V,Ear-Nose-Throat (ENT),18,Alwarpet,800,Chennai,88,8
Dr. Govindaraj,Ear-Nose-Throat (ENT),32,Vanagaram,800,Chennai,97,396
Dr. Sanjay Kumar,Ear-Nose-Throat (ENT),19,Pallavaram,300,Chennai,83,9
Dr. A.Muraleedharan,Ear-Nose-Throat (ENT),38,Perumbakkam,800,Chennai,61,23
Dr. Niraj Joshi,Ear-Nose-Throat (ENT),24,Teynampet,800,Chennai,97,210
Dr. Venkatakarthikeyan Chokkalingam,Ear-Nose-Throat (ENT),26,Greams Road,1000,Chennai,83,17
Dr. U. Sanjay,Ear-Nose-Throat (ENT),33,Anna Nagar,800,Chennai,96,84
Dr. T. Devi Thirumaran,Ear-Nose-Throat (ENT),26,T Nagar,800,Chennai,91,11
Dr. Babu Manohar,Ear-Nose-Throat (ENT),39,Greams Road,1500,Chennai,69,19
Dr. Ganapathy H,Ear-Nose-Throat (ENT),53,Greams Road,1500,Chennai,100,1
Dr. R. Narendran,Ear-Nose-Throat (ENT),27,Mandaveli,800,Chennai,93,22
Dr. A. Sudha,Ear-Nose-Throat (ENT),24,Kilpauk,500,Chennai,99,45
Dr. Kannan S,Ear-Nose-Throat (ENT),21,Teynampet,1000,Chennai,100,1
Dr. P.Aishwarya,Ear-Nose-Throat (ENT),10,Porur,550,Chennai,100,7
Dr. L Somu,Ear-Nose-Throat (ENT),28,Porur,750,Chennai,88,3
Dr. Jayagar Prabakaran,Ear-Nose-Throat (ENT),16,Valasaravakkam,600,Chennai,97,22
Dr. Bhavik Shah,Ear-Nose-Throat (ENT),18,Chembur,1000,Mumbai,97,60
Dr. Jaideep Mankani,Ear-Nose-Throat (ENT),33,Kandivali East,1000,Mumbai,94,73
Dr. Krishna Vora,Ear-Nose-Throat (ENT),30,Tardeo,1500,Mumbai,91,26
Dr. Sonali Pandit,Ear-Nose-Throat (ENT),27,Chembur,800,Mumbai,98,232
Dr. Akanksha Saberwal,Ear-Nose-Throat (ENT),16,Andheri West,1500,Mumbai,98,46
Dr. Ravikiran M. Vernekar,Ear-Nose-Throat (ENT),23,Powai,1600,Mumbai,96,69
Dr. Ankit Jain,Ear-Nose-Throat (ENT),14,Tardeo,1500,Mumbai,100,11
Dr. Ajay Doiphode,Ear-Nose-Throat (ENT),27,Andheri West,1000,Mumbai,98,367
Dr. Rahul R. Modi,Ear-Nose-Throat (ENT),17,Powai,1300,Mumbai,95,14
Dr. Kashmira Chavan,Ear-Nose-Throat (ENT),18,Powai,1600,Mumbai,80,12
Dr. Nalini Bhat,Ear-Nose-Throat (ENT),35,Powai,1950,Mumbai,75,2
Dr. Prashant Kewle,Ear-Nose-Throat (ENT),24,Chembur,1200,Mumbai,94,18
Dr. Shailesh Pandey,Ear-Nose-Throat (ENT),26,Andheri West,1000,Mumbai,98,556
Dr. Trishna Chitnis,Ear-Nose-Throat (ENT),8,Andheri West,1500,Mumbai,100,2
Dr. Adip K shetty,Ear-Nose-Throat (ENT),16,Bandra West,1200,Mumbai,96,229
Dr. Parvati Banu,Ear-Nose-Throat (ENT),27,Chembur East,1200,Mumbai,88,11
Dr. Mitul Bhatt,Ear-Nose-Throat (ENT),13,Grant Road,1500,Mumbai,98,191
Dr. Kanupriya Halan,Ear-Nose-Throat (ENT),14,Andheri West,1000,Mumbai,97,47
Dr. Juthika Sheode,Ear-Nose-Throat (ENT),45,Mahim,2000,Mumbai,71,3
Dr. Amol Patil,Ear-Nose-Throat (ENT),20,Vileparle West,1200,Mumbai,98,201
Dr. Sarang Deshmukh,Ear-Nose-Throat (ENT),25,Kharadi,500,Pune,86,40
Dr. Poorva Lunavat,Ear-Nose-Throat (ENT),16,Tilak Road,600,Pune,97,18
Dr. Varada Vaze,Ear-Nose-Throat (ENT),12,Bavdhan,500,Pune,97,60
Dr. Monalisa Debbarman,Ear-Nose-Throat (ENT),16,Viman Nagar,650,Pune,81,42
Dr. Amruta Ambekar,Ear-Nose-Throat (ENT),16,Shivajinagar,600,Pune,100,9
Dr. Sarika Sonawane,Ear-Nose-Throat (ENT),17,Baner,600,Pune,98,292
Dr. Aniket K Shah,Ear-Nose-Throat (ENT),15,Kharadi,800,Pune,100,6
Dr. Manoj M.Bauskar,Ear-Nose-Throat (ENT),20,Satara Road,500,Pune,94,61
Dr. Ajinkya Kelkar,Ear-Nose-Throat (ENT),13,JM Road,700,Pune,94,31
Dr. Shirish Shelke,Ear-Nose-Throat (ENT),19,Viman Nagar,650,Pune,94,3
Dr. Pranita Bauskar,Ear-Nose-Throat (ENT),19,Satara Road,500,Pune,96,25
Dr. Divya Sawant,Ear-Nose-Throat (ENT),8,Viman Nagar,550,Pune,100,2
Dr. Girija Ghate,Ear-Nose-Throat (ENT),24,Baner,550,Pune,100,1
Dr. Anjanikumar Malempati,Ear-Nose-Throat (ENT),32,Sangvi,800,Pune,93,97
Dr. Ajay Kothadiya,Ear-Nose-Throat (ENT),31,Shivajinagar,700,Pune,96,315
Dr. Sumitpal Bhatti,Ear-Nose-Throat (ENT),34,Nagar Road,700,Pune,82,423
Dr. Shital Pokharkar Khedkar,Ear-Nose-Throat (ENT),18,Moshi,300,Pune,78,8
Dr. Dushyant Khedikar,Ear-Nose-Throat (ENT),23,Wakad,500,Pune,99,119
Dr. Dhirendra Singh Kushwah,Ear-Nose-Throat (ENT),25,Jasola,1200,Delhi,95,285
Dr. Anup Sabherwal,Ear-Nose-Throat (ENT),27,Safdarjung Enclave,1000,Delhi,92,34
Dr. (Major) Rajesh Kr. Bhardwaj,Ear-Nose-Throat (ENT),41,Vasant Vihar,3000,Delhi,97,235
Dr. Prof Padmashree J M Hans,Ear-Nose-Throat (ENT),46,Anand Lok,1500,Delhi,87,41
Dr. Yatin Sethi,Ear-Nose-Throat (ENT),21,Ashok Vihar Phase 2,1000,Delhi,91,98
Dr. Munish Taneja,Ear-Nose-Throat (ENT),27,Dwarka,700,Delhi,91,40
Dr. Manish Gupta,Ear-Nose-Throat (ENT),24,Greater Kailash Part 1,1000,Delhi,97,50
Dr. Neeru Chugh Dhingra,Ear-Nose-Throat (ENT),22,Pitampura,700,Delhi,97,20
Dr. (Major) Vipin Kakar Retd,Ear-Nose-Throat (ENT),35,Pitampura,1200,Delhi,95,27
Dr. Kamal Goyal,Ear-Nose-Throat (ENT),16,Dwarka,900,Delhi,91,98
Dr. Shikhar Gupta,Ear-Nose-Throat (ENT),12,Rohini Sector 9,700,Delhi,98,100
Dr. A.K.Singh,Ear-Nose-Throat (ENT),30,Peeragarhi,700,Delhi,94,46
Dr. Sanjiv Dang,Ear-Nose-Throat (ENT),42,Pusa Road,1050,Delhi,87,38
Dr. Aashima Chopra,Ear-Nose-Throat (ENT),11,Greater Kailash Part 1,1000,Delhi,92,23
Dr. D Jijina,Ear-Nose-Throat (ENT),44,Saket,2000,Delhi,92,20
Dr. Saloni Sinha,Ear-Nose-Throat (ENT),19,Janakpuri,600,Delhi,96,134
Dr. Manni Hingorani,Ear-Nose-Throat (ENT),22,South Extension 1,1200,Delhi,96,21
Dr. W.V.B.S Ramalingam,Ear-Nose-Throat (ENT),44,Pusa Road,2000,Delhi,80,10
Dr. Swati Singhal,Ear-Nose-Throat (ENT),12,Vasant Kunj,700,Delhi,88,19
Dr. J S S Bhatia,Ear-Nose-Throat (ENT),12,Hari Nagar,800,Delhi,96,20
Dr. Nitin Mittal,Ear-Nose-Throat (ENT),18,Lake Town,700,Kolkata,99,198
Dr. Sudipta Chandra,Ear-Nose-Throat (ENT),24,Minto Park,1200,Kolkata,96,52
Dr. Soutrik Kumar,Ear-Nose-Throat (ENT),9,Ballygunge,600,Kolkata,100,10
Dr. Sunil Jalan,Ear-Nose-Throat (ENT),20,Sarat Bose Road,800,Kolkata,98,131
Dr. Sauravmoy Banerjee,Ear-Nose-Throat (ENT),9,Lake Market,600,Kolkata,100,2
Dr. Indranil Pal,Ear-Nose-Throat (ENT),27,Salt Lake,1000,Kolkata,92,6
Dr. Pranay Kumar Agarwal,Ear-Nose-Throat (ENT),13,Park Circus,1000,Kolkata,98,30
Dr. Dipayan Biswas,Ear-Nose-Throat (ENT),26,Salt Lake,1000,Kolkata,100,1
Dr. Subhro Ganguly,Ear-Nose-Throat (ENT),13,Salt Lake,800,Kolkata,100,2
Dr. Jayanta Kumar Nath,Ear-Nose-Throat (ENT),30,New Town,600,Kolkata,100,4
Dr. Srijoy Gupta,Ear-Nose-Throat (ENT),11,Ballygunge,500,Kolkata,100,15
Dr. Sayan Ganguly,Ear-Nose-Throat (ENT),31,Minto Park,1200,Kolkata,100,54
Dr. Dhrubo Roy,Ear-Nose-Throat (ENT),30,Mukundapur,1000,Kolkata,63,15
Dr. Kaushik Das,Ear-Nose-Throat (ENT),35,Salt Lake,1200,Kolkata,100,6
Dr. Biswarup Mukherjee,Ear-Nose-Throat (ENT),27,Southern Avenue,600,Kolkata,67,2
Dr. Tushar Kanti Ghosh,Ear-Nose-Throat (ENT),27,Salt Lake,500,Kolkata,97,300
Dr. Joy Krishna Banerjee,Homoeopath,18,Indiranagar,500,Bangalore,95,325
Dr. Leema,Homoeopath,23,Indiranagar,600,Bangalore,98,228
Dr. Deepak Shah,Homoeopath,40,Malleswaram,650,Bangalore,90,230
Dr. Suresh Gundeti,Homoeopath,28,Indiranagar,500,Bangalore,94,157
Dr. Lavanya G,Homoeopath,24,Indiranagar,500,Bangalore,98,52
Dr. Sangeetha S,Homoeopath,13,Bannerghatta Road,350,Bangalore,96,24
Dr. P Hariram Kumar,Homoeopath,35,Varthur,500,Bangalore,96,112
Dr. Daisy Bagchi,Homoeopath,13,Banaswadi,600,Bangalore,94,86
Dr. Rishabh Vyas,Homoeopath,9,HSR Layout,399,Bangalore,99,280
Dr. Gayathri B N,Homoeopath,17,Konanakunte,1000,Bangalore,99,56
Dr. Rita Samuel Bing,Homoeopath,15,Kumaraswamy Layout,550,Bangalore,94,16
Dr. D Praveen Kumar,Homoeopath,21,Malleswaram,500,Bangalore,100,2
Dr. K.Sulekha,Homoeopath,34,Marathahalli,400,Bangalore,100,20
Dr. Sri Priya,Homoeopath,13,Jigani,500,Bangalore,93,2
Dr. Sanjay Panicker,Homoeopath,28,Koramangala,600,Bangalore,91,461
Dr. Lalita,Homoeopath,16,Whitefield,500,Bangalore,100,6
Dr. Bhagyalakshmi  V,Homoeopath,27,CV Raman Nagar,400,Bangalore,92,18
Dr. Vishwaraj N,Homoeopath,24,Seshadripuram,1000,Bangalore,98,15
Dr. Shreekant Shivgond,Homoeopath,12,Malleswaram,500,Bangalore,100,15
Dr. Ajmal Khan,Homoeopath,38,HRBR Layout,350,Bangalore,75,8
Dr. Chetan Raj,Homoeopath,13,Begumpet,51,Hyderabad,97,319
Dr. Seshasaina Reddy,Homoeopath,23,Madhapur,500,Hyderabad,97,306
Dr. Subhash Chander,Homoeopath,52,Jeedimetla,700,Hyderabad,94,226
Dr. M R Madhavi,Homoeopath,32,Trimulgherry,300,Hyderabad,98,84
Dr. Panchagnula Satyanarayana Murthy,Homoeopath,31,Kachiguda,300,Hyderabad,100,59
Dr. Prashant K Vaidya,Homoeopath,15,Chanda Nagar,500,Hyderabad,95,862
Dr. B.Suresh Buddha,Homoeopath,18,Kukatpally,300,Hyderabad,86,3
Dr. Sandhya,Homoeopath,21,Manikonda,500,Hyderabad,96,23
Dr. Venkataramana,Homoeopath,16,AS Rao Nagar,300,Hyderabad,100,10
Dr. Shyam Kumar Longoju,Homoeopath,20,Manikonda,500,Hyderabad,100,8
Dr. Vidya Lakshmi I,Homoeopath,15,Sanath Nagar,500,Hyderabad,91,24
Dr. Neeraja,Homoeopath,31,Jubilee Hills,499,Hyderabad,100,2
Dr. Satish Erra,Homoeopath,15,Dilsukhnagar,500,Hyderabad,98,581
Dr. Lokeswar,Homoeopath,13,LB Nagar,300,Hyderabad,100,5
Dr. Vipun Kumar Reddy,Homoeopath,25,Dilsukhnagar,300,Hyderabad,100,1
Dr. Nikhil Chandoori,Homoeopath,15,KPHB,300,Hyderabad,94,187
Dr. Chandana,Homoeopath,20,AS Rao Nagar,300,Hyderabad,92,12
Dr. Swetha Srinivas Reddy,Homoeopath,17,Chanda Nagar,300,Hyderabad,99,175
Dr. RamaKrishna,Homoeopath,15,Dilsukhnagar,500,Hyderabad,99,65
Dr. R. Vijayashanthini,Homoeopath,17,Rajakilpakkam,400,Chennai,100,285
Dr. Prof. G Nirmal (PhD),Homoeopath,22,Ayanavaram,1800,Chennai,99,495
Dr. Nidhi Dube,Homoeopath,15,Velachery,450,Chennai,100,3
Dr. Saradha Kumari,Homoeopath,42,Kodambakkam,500,Chennai,90,18
Dr. E Sathiyamoorthy,Homoeopath,25,Thiruvanmiyur,500,Chennai,99,163
Dr. Meena,Homoeopath,4,Vadapalani,400,Chennai,100,35
Dr. N. Saravanan,Homoeopath,19,Tambaram,300,Chennai,98,815
Dr. L Kannan,Homoeopath,29,KK Nagar,250,Chennai,89,32
Dr. D.Senthil Kumar,Homoeopath,24,Velachery,600,Chennai,95,139
Dr. Dhivya,Homoeopath,14,Velachery,300,Chennai,100,14
Dr. I Rehana Parveen,Homoeopath,5,Palavakkam,200,Chennai,100,9
Dr. V. Veerapathiran,Homoeopath,14,Nolambur,500,Chennai,100,1
Dr. L Mathuvenkatesan,Homoeopath,25,Ashok Nagar,450,Chennai,75,4
Dr. Raja Rajeswari,Homoeopath,16,Chromepet,450,Chennai,63,8
Dr. Berlin  Nadhiya,Homoeopath,12,Porur,450,Chennai,100,3
Dr. Ashok Kumar,Homoeopath,15,Kovilambakkam,800,Chennai,100,1
Dr. P.M.Keerthana,Homoeopath,7,Anna Nagar,300,Chennai,100,7
Dr. Sathya Devi,Homoeopath,13,Velachery,450,Chennai,50,4
Dr. Bhavesh Acharya,Homoeopath,35,Andheri East,1500,Mumbai,98,589
Dr. Rajesh Shah,Homoeopath,39,Chembur,5000,Mumbai,88,56
Dr. P M Bhanej,Homoeopath,55,Malad West,700,Mumbai,92,8
Dr. Hitesh Shah,Homoeopath,36,Kandivali West,1500,Mumbai,99,504
Dr. Amit Vora,Homoeopath,20,Bhandup West,1000,Mumbai,97,230
Dr. Kukreja A. Kalani,Homoeopath,27,Powai,500,Mumbai,98,345
Dr. Rajiv Bhanej,Homoeopath,23,Malad West,700,Mumbai,97,53
Dr. Jagat Shah,Homoeopath,22,Borivali West,800,Mumbai,95,127
Dr. Rajesh D Rambhia,Homoeopath,33,Mulund West,600,Mumbai,98,61
Dr. Yash Girish Shete,Homoeopath,9,Malad West,500,Mumbai,100,9
Dr. Subhash K Dhawale,Homoeopath,24,Parel,2500,Mumbai,97,18
Dr. Amol Rane,Homoeopath,24,Bhandup West,1500,Mumbai,100,3
Dr. Kinjal Shah,Homoeopath,15,Kandivali West,2200,Mumbai,100,18
Dr. Reny Miglani,Homoeopath,39,Mulund West,700,Mumbai,100,80
Dr. Neeta Korgaonkar,Homoeopath,21,Vikhroli East,700,Mumbai,100,10
Dr. Alka Barvalia,Homoeopath,17,Ghatkopar East,2000,Mumbai,100,4
Dr. Pramod Patil,Homoeopath,17,Borivali East,2000,Mumbai,99,75
Dr. Adhye,Homoeopath,41,Chembur,1700,Mumbai,98,59
Dr. Kerfegar Wadia,Homoeopath,10,Colaba,700,Mumbai,88,15
Dr. Vaseem Choudhary,Homoeopath,15,Hadapsar,300,Pune,93,286
Dr. Nidhi Pandya,Homoeopath,17,Pimple Saudagar,1000,Pune,98,107
Dr. Priti V. Deokar,Homoeopath,30,Range Hill,900,Pune,98,25
Dr. Kavita Bhapkar,Homoeopath,15,Hadapsar,500,Pune,96,111
Dr. Sarika Doshi,Homoeopath,22,Sadashiv Peth,500,Pune,96,36
Dr. Rajesh Nalawade,Homoeopath,23,Nigdi,1000,Pune,97,59
Dr. Ashwini Joshi,Homoeopath,29,Kothrud,900,Pune,99,54
Dr. Kshitija Bhujbal,Homoeopath,15,Chandan Nagar,300,Pune,99,62
Dr. Geeta Yadav,Homoeopath,21,Viman Nagar,700,Pune,96,41
Dr. Rajshree Pokharna,Homoeopath,35,Kharadi,500,Pune,95,41
Dr. Deepanshu Thakur,Homoeopath,20,Kalyani Nagar,1500,Pune,98,19
Dr. Manish Jawale,Homoeopath,27,Nigdi,800,Pune,100,6
Dr. Shama Nadaph,Homoeopath,16,Pashan,400,Pune,100,29
Dr. Surbhi Gupta Khandelwal,Homoeopath,12,Wakad,350,Pune,99,79
Dr. Priya Gautam,Homoeopath,14,Wagholi,375,Pune,100,107
Dr. Vaishali Sachin Dudhal,Homoeopath,19,Pimpri-Chinchwad,500,Pune,100,56
Dr. Hetal Vyas,Homoeopath,22,Viman Nagar,500,Pune,96,23
Dr. Yogita Kale,Homoeopath,29,Kothrud,500,Pune,100,5
Dr. Rashmi Narnawale,Homoeopath,14,Wakad,300,Pune,100,6
Dr. Narendra Kaur,Homoeopath,12,Amnora Park Town,500,Pune,100,15
Dr. Neeraj Pasricha,Homoeopath,42,Paschim Vihar,1000,Delhi,93,82
Dr. Chhavi Bansal,Homoeopath,14,Pitampura,700,Delhi,98,112
Dr. Sneh Khera,Homoeopath,39,Lajpat Nagar 4,330,Delhi,93,120
Dr. Poonam Pasricha,Homoeopath,39,Paschim Vihar,1000,Delhi,100,2
Dr. Seema Bali,Homoeopath,39,Pusa Road,800,Delhi,92,86
Dr. Sunil Kumar Dwivedi,Homoeopath,19,Dwarka,400,Delhi,92,142
Dr. Ranjana Gupta,Homoeopath,28,Dwarka,500,Delhi,93,135
Dr. Ajay Kumar Grover,Homoeopath,33,Old Rajendra Nagar,900,Delhi,100,27
Dr. Ashit Avinashi,Homoeopath,39,Vikas Puri,500,Delhi,80,2
Dr. Pratima Grover,Homoeopath,39,Mayur Vihar Ph-I,500,Delhi,98,46
Dr. Mukta Garg,Homoeopath,26,Janakpuri,500,Delhi,100,60
Dr. Preeti Sengar,Homoeopath,14,Mahipalpur,300,Delhi,92,34
Dr. Shweta Bhandari,Homoeopath,16,Krishna Nagar,1000,Delhi,97,30
Dr. Mridu Avinashi,Homoeopath,37,Rajouri Garden,700,Delhi,50,2
Dr. Inderpreet Batra,Homoeopath,35,Greater Kailash Part 1,1000,Delhi,94,14
Dr. Karanjeet Singh,Homoeopath,5,Janakpuri,500,Delhi,100,9
Dr. C B Singh,Homoeopath,12,Laxmi Nagar,500,Delhi,91,508
Dr. Gurpreet Juneja,Homoeopath,28,Patel Nagar,500,Delhi,97,25
Dr. Ankita Bali,Homoeopath,9,Connaught Place,1099,Delhi,100,20
Dr. R.C Upadhyaya,Homoeopath,37,Vasundhra Enclave,1300,Delhi,92,85
Dr. Supra Paul,Homoeopath,23,Minto Park,450,Kolkata,100,8
Dr. Saha Piyali,Homoeopath,22,Minto Park,450,Kolkata,100,5
Dr. Ratna Pal,Homoeopath,33,Keshtopur,300,Kolkata,92,24
Dr. Sumon Kumar Biswas,Homoeopath,7,Barasat,500,Kolkata,100,4
Dr. Snigdhodip Saha,Homoeopath,14,Kasba,450,Kolkata,83,15
Dr. Dipayan Das,Homoeopath,13,Garia,600,Kolkata,90,18
Dr. Shahid Shaikh,Homoeopath,19,Salt Lake,450,Kolkata,100,2
Dr. Abhishek Chaturvedi,Homoeopath,13,Behala,450,Kolkata,75,7
Dr. Sourangshu Banerjee,Homoeopath,23,Ultadanga,500,Kolkata,75,12
Dr. Shambulingaiah S. Hiremath,Ayurveda,39,Rajajinagar,500,Bangalore,98,616
Dr. Tanmaya,Ayurveda,16,Marathahalli,400,Bangalore,95,54
Dr. Deepika,Ayurveda,15,BTM Layout 2nd Stage,500,Bangalore,98,321
Dr. Vinay,Ayurveda,15,Basavanagudi,300,Bangalore,99,225
Dr. Geetika Thakur,Ayurveda,16,Whitefield,500,Bangalore,100,84
Dr. Payal Khandelwal,Ayurveda,16,Whitefield,600,Bangalore,98,94
Dr. Manjunath R Joshi,Ayurveda,17,Bannerghatta Road,500,Bangalore,97,104
Dr. Phanindra V V,Ayurveda,16,Banashankari,500,Bangalore,99,279
Dr. Deepashree.R,Ayurveda,22,Jayanagar 4 Block,350,Bangalore,100,15
Dr. Maitry H Shettigar,Ayurveda,17,Singasandra,300,Bangalore,100,11
Dr. Lakshmi Narayan,Ayurveda,23,Banashankari 1st Stage,750,Bangalore,100,1
Dr. Pepsy Jose,Ayurveda,12,JP Nagar 8 Phase,500,Bangalore,100,2
Dr. Jayasheela,Ayurveda,13,Jayanagar 7 Block,500,Bangalore,100,16
Dr. Sharad Kulkarni,Ayurveda,9,BTM Layout,500,Bangalore,99,524
Dr. Krishna Kumar,Ayurveda,17,BTM Layout 2nd Stage,500,Bangalore,97,498
Dr. Alok Roy,Ayurveda,20,Banashankari 1st Stage,400,Bangalore,100,3
Dr. Saritha Nair,Ayurveda,35,Hebbal,600,Bangalore,90,42
Dr. Kishor Kumar K Hullatti,Ayurveda,25,Marathahalli,550,Bangalore,95,13
Dr. Vidya Sidram,Ayurveda,17,Kalyan Nagar,400,Bangalore,100,9
Dr. Anish,Ayurveda,24,Banashankari 1st Stage,750,Bangalore,97,123
Dr. M. Narasimha,Ayurveda,25,Ameerpet,500,Hyderabad,89,66
Dr. S Sarangapani,Ayurveda,44,Erragadda,500,Hyderabad,99,155
Dr. C Narmada,Ayurveda,24,Shaikpet,500,Hyderabad,100,22
Dr. Achattil Asha,Ayurveda,14,Himayat Nagar,49,Hyderabad,100,10
Dr. Deepak Gaur,Ayurveda,14,Himayat Nagar,99,Hyderabad,100,9
Dr. G.Venkateswarlu,Ayurveda,19,Kukatpally,500,Hyderabad,97,56
Dr. Priti Thakre,Ayurveda,22,KPHB,600,Hyderabad,100,11
Dr. Muneeb Ahmed,Ayurveda,15,Manikonda,500,Hyderabad,96,91
Dr. Sushma Shivkumar M,Ayurveda,14,Yousufguda,700,Hyderabad,80,3
Dr. T. Vamsi Latha,Ayurveda,22,West Mambalam,500,Chennai,98,18
Dr. Poonam Verma,Ayurveda,28,Vadapalani,600,Chennai,96,17
Dr. Rajesh Verma,Ayurveda,29,Vadapalani,600,Chennai,95,170
Dr. D Srikrishna,Ayurveda,13,West Mambalam,500,Chennai,98,77
Dr. Sampoorna M,Ayurveda,16,West Mambalam,500,Chennai,92,20
Dr. M Vishnupriya,Ayurveda,16,Selaiyur,300,Chennai,100,176
Dr. Nisha,Ayurveda,2,ECR Road,300,Chennai,100,1
Dr. Raniya Sulthana,Ayurveda,16,Mogappair West,750,Chennai,100,57
Dr. Jyothi Naresh,Ayurveda,31,Kandanchavadi,400,Chennai,67,2
Dr. D Jayashree,Ayurveda,40,West Mambalam,1000,Chennai,97,109
Dr. Uday Kiran,Ayurveda,26,West Mambalam,750,Chennai,100,14
Dr. Sunita Jonwal,Ayurveda,16,Borivali West,800,Mumbai,89,133
Dr. Amit Aroskar,Ayurveda,25,Borivali West,800,Mumbai,100,25
Dr. Kuldip Raj Kohli,Ayurveda,42,Lower Parel,1000,Mumbai,100,541
Dr. Darshan Desai,Ayurveda,23,Borivali West,1600,Mumbai,98,55
Dr. Arun Kumar,Ayurveda,36,Dadar West,800,Mumbai,96,537
Dr. Govind Lihinar,Ayurveda,11,Tilak Nagar,500,Mumbai,96,20
Dr. Prajakta Rajurkar,Ayurveda,18,Andheri West,299,Mumbai,100,2
Dr. Dipak D Goradia,Ayurveda,47,Grant Road,1500,Mumbai,94,4
Dr. Rajeshree Mehta,Ayurveda,30,Malad West,300,Mumbai,100,5
Dr. Bhadra P. Vaidya,Ayurveda,22,Goregaon West,700,Mumbai,100,15
Dr. Jyoti R Jangale,Ayurveda,16,Mulund West,800,Mumbai,100,60
Dr. Vishrut Newaskar,Ayurveda,16,Bandra West,1500,Mumbai,100,23
Dr. Ketki Trivedi,Ayurveda,38,Vileparle West,300,Mumbai,100,1
Dr. Dineshchandra  Goradia,Ayurveda,60,Grant Road,1500,Mumbai,100,2
Dr. Amol Gaikwad,Ayurveda,18,Mira Road,299,Mumbai,71,12
Dr. Nitin Goradia,Ayurveda,32,Grant Road,1500,Mumbai,97,80
Dr. Rajshree Chavan,Ayurveda,15,Dadar East,600,Mumbai,97,183
Dr. Manoj Madhukar Deshpande,Ayurveda,28,Shivajinagar,500,Pune,97,123
Dr. Sagar Pampattiwar,Ayurveda,17,Baner,300,Pune,99,186
Dr. Prajakta,Ayurveda,20,Viman Nagar,500,Pune,96,32
Dr. Vrushali Maisekar,Ayurveda,29,Hadapsar,350,Pune,100,8
Dr. Rajeev Nambiar,Ayurveda,32,Aundh,500,Pune,98,97
Dr. Prashant Daundkar Patil,Ayurveda,21,Chandan Nagar,500,Pune,89,63
Dr. Rupal Shah,Ayurveda,26,Katraj,500,Pune,100,28
Dr. Madhavi Satav Chavan,Ayurveda,17,Pimpri-Chinchwad,300,Pune,100,8
Dr. Mahesh S Pawar,Ayurveda,24,Viman Nagar,500,Pune,100,1
Dr. Sangeeta Waghmode,Ayurveda,23,Sinhagad Road,500,Pune,99,161
Dr. Nilesh Jadhav,Ayurveda,21,Wanowrie,200,Pune,99,23
Dr. Pradeep R Chaudhari,Ayurveda,16,Baner,400,Pune,100,4
Dr. P Madhu Rao,Ayurveda,16,Pimpri-Chinchwad,500,Pune,100,39
Dr. Hemant Chavan,Ayurveda,17,Pimple Saudagar,200,Pune,95,63
Dr. Sunita Pandit,Ayurveda,32,Aundh,350,Pune,50,1
Dr. Yogesh Wankhede,Ayurveda,9,Aundh,300,Pune,97,79
Dr. Sanjay Erande,Ayurveda,18,Bhosari,1000,Pune,98,77
Dr. Manoj Kocheta,Ayurveda,22,Bibvewadi,500,Pune,100,1
Dr. Vipul Jaiswal,Ayurveda,18,Pimpri-Chinchwad,800,Pune,100,9
Dr. Mahesh Shah,Ayurveda,55,Patel Nagar East,50,Delhi,93,344
Dr. Sudha Asokan,Ayurveda,45,Safdarjung Enclave,1200,Delhi,96,117
Dr. Anjana Kalia,Ayurveda,23,Dwarka,1000,Delhi,99,168
Dr. Vijay Abbot,Ayurveda,50,Patel Nagar East,50,Delhi,82,192
Dr. Madhu Sudan,Ayurveda,15,Kalkaji,1000,Delhi,89,284
Dr. Ajay Pal Singh,Ayurveda,16,Tilak Nagar,1500,Delhi,86,128
Dr. Naveen CR,Ayurveda,14,Green Park,1000,Delhi,91,2
Dr. Rakesh Gupta,Ayurveda,22,Rohini,500,Delhi,97,185
Dr. Vipin Kumar,Ayurveda,41,Patel Nagar East,50,Delhi,97,73
Dr. C. P. Verma,Ayurveda,20,Dwarka Sector 13,800,Delhi,94,10
Dr. Vijay Dagar,Ayurveda,14,Uttam Nagar,1000,Delhi,94,14
Dr. Subhash C Gautam,Ayurveda,34,Lajpat Nagar,500,Delhi,100,3
Dr. Jyoti Arora Monga,Ayurveda,24,Lajpat Nagar,800,Delhi,87,586
Dr. Preeti Jiyal,Ayurveda,9,Sarita Vihar,300,Delhi,94,12
Dr. Richa Agarwal,Ayurveda,15,Malviya Nagar,500,Delhi,100,2
Dr. Sunil Tomar,Ayurveda,16,Rajouri Garden,800,Delhi,56,8
Dr. Himanshu Verma,Ayurveda,8,Laxmi Nagar,200,Delhi,100,1
Dr. Amit Kumar Dubey,Ayurveda,18,Karol Bagh,299,Delhi,100,1
Dr. Shiv Prakash Singh,Ayurveda,17,Nagerbazar,500,Kolkata,100,9
Dr. Debashis Dutta,Ayurveda,20,Manicktala,800,Kolkata,100,1
Dr. Sasanka Chowdhury,Ayurveda,14,Rajarhat,800,Kolkata,100,39
Dr. Debasish Pahari,Ayurveda,29,Thakurpukur,800,Kolkata,100,33
Dr. Prabhat Kumar Bal,Ayurveda,26,New Town,700,Kolkata,90,8
Dr. Amit Khattri,Ayurveda,15,Sarat Bose Road,500,Kolkata,88,8
Dr. Konika Anand,Ayurveda,7,Rajarhat,500,Kolkata,100,1
Dr. C. K. Yadav,Ayurveda,8,Rajarhat,500,Kolkata,100,1
Dr. Nazrul Islam,Ayurveda,30,Behala,500,Kolkata,100,18
Dr. Siddhartha Sharma,Ayurveda,17,Salt Lake,300,Kolkata,100,6
Dr. Samarjit Ghatak,Ayurveda,19,Bansdroni,400,Kolkata,100,1
Dr. Arnab Ray,Ayurveda,23,New Town,800,Kolkata,83,3
Dr. Sabyasachi Mallick,Ayurveda,34,MG Road ,300,Kolkata,100,1
Dr. Sandipan Chakraborty,Ayurveda,24,Ultadanga,500,Kolkata,59,10
